week,day,lift,order,pct,reps,video
1,1,Back Squat,1,60,5,
1,1,Back Squat,2,67,5,
1,1,Back Squat,3,70,5,
1,1,Back Squat,4,73,5,
1,1,Bench Press,5,65,5,
1,1,Bench Press,6,70,5,
1,1,Bench Press,7,73,5,
1,1,Bench Press,8,73,5,
1,1,Bench Press,9,73,5,
1,1,Slow Strict Chin-Up,10,,2-5,
1,1,Slow Strict Chin-Up,11,,2-5,
1,1,Slow Strict Chin-Up,12,,2-5,
1,1,Slow Strict Chin-Up,13,,2-5,
1,2,Bench Press,1,63,8,
1,2,Bench Press,2,63,8,
1,2,Bench Press,3,63,8,
1,2,Bench Press,4,63,8,
1,2,Standing Overhead Press,5,,8,
1,2,Standing Overhead Press,6,,8,
1,2,Standing Overhead Press,7,,8,
1,2,Chest Supported DB Row,8,,16,
1,2,Chest Supported DB Row,9,,16,
1,2,Chest Supported DB Row,10,,16,
1,2,DB Tate Press,11,,15,
1,2,DB Tate Press,12,,15,
1,2,DB Tate Press,13,,15,
1,2,DB Tate Press,14,,15,
1,2,Deadlift,15,65,5,
1,2,Deadlift,16,70,5,
1,2,Deadlift,17,73,5,
1,2,Deadlift,18,73,5,
1,2,Deadlift,19,73,5,
1,3,Bench Press,1,60,5,
1,3,Bench Press,2,60,5,
1,3,Bench Press,3,60,5,
1,3,Bench Press,4,60,5,
1,3,Bench Press,5,60,5,
1,3,Bench Press,6,60,5,
1,3,Bench Press,7,60,5,
1,3,Bench Press,8,60,5,
1,3,Bench Press,9,60,5,
1,3,Bench Press,10,60,5,
1,3,BB Bent Over Row,11,,5,
1,3,BB Bent Over Row,12,,5,
1,3,BB Bent Over Row,13,,5,
1,3,BB Bent Over Row,14,,5,
1,3,BB Bent Over Row,15,,5,
1,3,BB Bent Over Row,16,,5,
1,3,BB Bent Over Row,17,,5,
1,3,BB Bent Over Row,18,,5,
1,3,BB Bent Over Row,19,,5,
1,3,BB Bent Over Row,20,,5,
1,3,DB Lateral Raise,21,,20,
1,3,DB Lateral Raise,22,,20,
1,3,DB Lateral Raise,23,,20,
1,3,DB Pullover,24,,10,
1,3,DB Pullover,25,,10,
1,3,DB Pullover,26,,10,
1,3,EZ Bar Skullcrusher,27,,20,
1,3,EZ Bar Skullcrusher,28,,20,
1,3,EZ Bar Skullcrusher,29,,20,
1,3,EZ Bar Skullcrusher,30,,20,
2,1,Back Squat,1,67,3,
2,1,Back Squat,2,75,3,
2,1,Back Squat,3,80,3,
2,1,Back Squat,4,83,3,
2,1,Bench Press,5,65,3,
2,1,Bench Press,6,70,3,
2,1,Bench Press,7,75,3,
2,1,Bench Press,8,80,3,
2,1,Bench Press,9,80,3,
2,1,Bench Press,10,80,3,
2,1,BB Pendlay Row,11,,5,
2,1,BB Pendlay Row,12,,5,
2,1,BB Pendlay Row,13,,5,
2,1,BB Pendlay Row,14,,5,
2,2,Bench Press,1,67,6,
2,2,Bench Press,2,67,6,
2,2,Bench Press,3,67,6,
2,2,Bench Press,4,67,6,
2,2,Seated DB Arnold Press,5,,10,
2,2,Seated DB Arnold Press,6,,10,
2,2,Seated DB Arnold Press,7,,10,
2,2,Seated DB Arnold Press,8,,10,
2,2,Slow Strict Chin-Up,9,,2-5,
2,2,Slow Strict Chin-Up,10,,2-5,
2,2,Slow Strict Chin-Up,11,,2-5,
2,2,Slow Strict Chin-Up,12,,2-5,
2,2,Close Grip Bench Press,13,,10,
2,2,Close Grip Bench Press,14,,10,
2,2,Close Grip Bench Press,15,,10,
2,2,Close Grip Bench Press,16,,10,
2,2,Deadlift,17,65,3,
2,2,Deadlift,18,70,3,
2,2,Deadlift,19,75,3,
2,2,Deadlift,20,80,3,
2,2,Deadlift,21,80,3,
2,2,Deadlift,22,80,3,
2,3,Bench Press,1,50,10,
2,3,Bench Press,2,50,10,
2,3,Bench Press,3,50,10,
2,3,Bench Press,4,60,7,
2,3,Bench Press,5,60,7,
2,3,Bench Press,6,60,7,
2,3,Bench Press,7,70,5,
2,3,Bench Press,8,70,5,
2,3,Bench Press,9,70,5,
2,3,Reverse Grip Bent Over Row,10,,5,
2,3,Reverse Grip Bent Over Row,11,,5,
2,3,Reverse Grip Bent Over Row,12,,5,
2,3,Reverse Grip Bent Over Row,13,,5,
2,3,Reverse Grip Bent Over Row,14,,5,
2,3,Reverse Grip Bent Over Row,15,,5,
2,3,Reverse Grip Bent Over Row,16,,5,
2,3,Reverse Grip Bent Over Row,17,,5,
2,3,Reverse Grip Bent Over Row,18,,5,
2,3,DB Rear Lateral Raise,19,,20,
2,3,DB Rear Lateral Raise,20,,20,
2,3,DB Rear Lateral Raise,21,,20,
2,3,Standing Overhead Press,22,,5,
2,3,Standing Overhead Press,23,,5,
2,3,Standing Overhead Press,24,,5,
2,3,DB Tate Press,25,,25,
2,3,DB Tate Press,26,,25,
2,3,DB Tate Press,27,,25,
2,3,DB Tate Press,28,,25,
3,1,Back Squat,1,60,6,
3,1,Back Squat,2,67,6,
3,1,Back Squat,3,70,6,
3,1,Back Squat,4,73,6,
3,1,Bench Press,5,67,5,
3,1,Bench Press,6,72,5,
3,1,Bench Press,7,75,5,
3,1,Bench Press,8,75,5,
3,1,Bench Press,9,75,5,
3,1,Slow Strict Chin-Up,10,,2-5,
3,1,Slow Strict Chin-Up,11,,2-5,
3,1,Slow Strict Chin-Up,12,,2-5,
3,1,Slow Strict Chin-Up,13,,2-5,
3,2,Bench Press,1,65,8,
3,2,Bench Press,2,65,8,
3,2,Bench Press,3,65,8,
3,2,Bench Press,4,65,8,
3,2,Standing Overhead Press,5,,8,
3,2,Standing Overhead Press,6,,8,
3,2,Standing Overhead Press,7,,8,
3,2,Chest Supported DB Row,8,,16,
3,2,Chest Supported DB Row,9,,16,
3,2,Chest Supported DB Row,10,,16,
3,2,DB Tate Press,11,,15,
3,2,DB Tate Press,12,,15,
3,2,DB Tate Press,13,,15,
3,2,DB Tate Press,14,,15,
3,2,DB Tate Press,15,,15,
3,2,Deadlift,16,67,5,
3,2,Deadlift,17,72,5,
3,2,Deadlift,18,75,5,
3,2,Deadlift,19,75,5,
3,2,Deadlift,20,75,5,
3,3,Bench Press,1,60,6,
3,3,Bench Press,2,60,6,
3,3,Bench Press,3,60,6,
3,3,Bench Press,4,60,6,
3,3,Bench Press,5,60,6,
3,3,Bench Press,6,60,6,
3,3,Bench Press,7,60,6,
3,3,Bench Press,8,60,6,
3,3,Bench Press,9,60,6,
3,3,Bench Press,10,60,6,
3,3,BB Bent Over Row,11,,6,
3,3,BB Bent Over Row,12,,6,
3,3,BB Bent Over Row,13,,6,
3,3,BB Bent Over Row,14,,6,
3,3,BB Bent Over Row,15,,6,
3,3,BB Bent Over Row,16,,6,
3,3,BB Bent Over Row,17,,6,
3,3,BB Bent Over Row,18,,6,
3,3,BB Bent Over Row,19,,6,
3,3,BB Bent Over Row,20,,6,
3,3,DB Lateral Raise,21,,20,
3,3,DB Lateral Raise,22,,20,
3,3,DB Lateral Raise,23,,20,
3,3,DB Pullover,24,,10,
3,3,DB Pullover,25,,10,
3,3,DB Pullover,26,,10,
3,3,EZ Bar Skullcrusher,27,,25,
3,3,EZ Bar Skullcrusher,28,,25,
3,3,EZ Bar Skullcrusher,29,,25,
3,3,EZ Bar Skullcrusher,30,,25,
4,1,Back Squat,1,67,4,
4,1,Back Squat,2,75,4,
4,1,Back Squat,3,80,4,
4,1,Back Squat,4,83,4,
4,1,Bench Press,5,65,3,
4,1,Bench Press,6,72,3,
4,1,Bench Press,7,78,3,
4,1,Bench Press,8,82,3,
4,1,Bench Press,9,82,3,
4,1,Bench Press,10,82,3,
4,1,BB Pendlay Row,11,,5,
4,1,BB Pendlay Row,12,,5,
4,1,BB Pendlay Row,13,,5,
4,1,BB Pendlay Row,14,,5,
4,2,Bench Press,1,78,6,
4,2,Bench Press,2,70,6,
4,2,Bench Press,3,70,6,
4,2,Bench Press,4,70,6,
4,2,Seated DB Arnold Press,5,,10,
4,2,Seated DB Arnold Press,6,,10,
4,2,Seated DB Arnold Press,7,,10,
4,2,Seated DB Arnold Press,8,,10,
4,2,Slow Strict Chin-Up,9,,2-5,
4,2,Slow Strict Chin-Up,10,,2-5,
4,2,Slow Strict Chin-Up,11,,2-5,
4,2,Slow Strict Chin-Up,12,,2-5,
4,2,Close Grip Bench Press,13,,8,
4,2,Close Grip Bench Press,14,,8,
4,2,Close Grip Bench Press,15,,8,
4,2,Close Grip Bench Press,16,,8,
4,2,Deadlift,17,65,3,
4,2,Deadlift,18,72,3,
4,2,Deadlift,19,78,3,
4,2,Deadlift,20,82,3,
4,2,Deadlift,21,82,3,
4,2,Deadlift,22,82,3,
4,3,Bench Press,1,50,10,
4,3,Bench Press,2,50,10,
4,3,Bench Press,3,50,10,
4,3,Bench Press,4,60,7,
4,3,Bench Press,5,60,7,
4,3,Bench Press,6,60,7,
4,3,Bench Press,7,70,5,
4,3,Bench Press,8,70,5,
4,3,Bench Press,9,70,5,
4,3,Bench Press,10,78,3,
4,3,Bench Press,11,78,3,
4,3,Bench Press,12,78,3,
4,3,Reverse Grip Bent Over Row,13,,5,
4,3,Reverse Grip Bent Over Row,14,,5,
4,3,Reverse Grip Bent Over Row,15,,5,
4,3,Reverse Grip Bent Over Row,16,,5,
4,3,Reverse Grip Bent Over Row,17,,5,
4,3,Reverse Grip Bent Over Row,18,,5,
4,3,Reverse Grip Bent Over Row,19,,5,
4,3,Reverse Grip Bent Over Row,20,,5,
4,3,Reverse Grip Bent Over Row,21,,5,
4,3,Reverse Grip Bent Over Row,22,,5,
4,3,Reverse Grip Bent Over Row,23,,5,
4,3,Reverse Grip Bent Over Row,24,,5,
4,3,DB Rear Lateral Raise,25,,20,
4,3,DB Rear Lateral Raise,26,,20,
4,3,DB Rear Lateral Raise,27,,20,
4,3,Standing Overhead Press,28,,5,
4,3,Standing Overhead Press,29,,5,
4,3,Standing Overhead Press,30,,5,
4,3,DB Tate Press,31,,25,
4,3,DB Tate Press,32,,25,
4,3,DB Tate Press,33,,25,
4,3,DB Tate Press,34,,25,
5,1,Back Squat,1,63,5,
5,1,Back Squat,2,70,5,
5,1,Back Squat,3,73,5,
5,1,Back Squat,4,75,5,
5,1,Bench Press,5,70,5,
5,1,Bench Press,6,75,5,
5,1,Bench Press,7,77,5,
5,1,Bench Press,8,77,5,
5,1,Bench Press,9,77,5,
5,1,Slow Strict Chin-Up,10,,3-6,
5,1,Slow Strict Chin-Up,11,,3-6,
5,1,Slow Strict Chin-Up,12,,3-6,
5,1,Slow Strict Chin-Up,13,,3-6,
5,2,Bench Press,1,70,6,
5,2,Bench Press,2,70,6,
5,2,Bench Press,3,70,6,
5,2,Bench Press,4,70,6,
5,2,Standing Overhead Press,5,,6,
5,2,Standing Overhead Press,6,,6,
5,2,Standing Overhead Press,7,,6,
5,2,Chest Supported DB Row,8,,12,
5,2,Chest Supported DB Row,9,,12,
5,2,Chest Supported DB Row,10,,12,
5,2,DB Tate Press,11,,12,
5,2,DB Tate Press,12,,12,
5,2,DB Tate Press,13,,12,
5,2,DB Tate Press,14,,12,
5,2,DB Tate Press,15,,12,
5,2,Deadlift,16,70,5,
5,2,Deadlift,17,75,5,
5,2,Deadlift,18,77,5,
5,2,Deadlift,19,77,5,
5,2,Deadlift,20,77,5,
5,3,Bench Press,1,60,8,
5,3,Bench Press,2,60,8,
5,3,Bench Press,3,60,8,
5,3,Bench Press,4,60,8,
5,3,Bench Press,5,60,8,
5,3,Bench Press,6,60,8,
5,3,Bench Press,7,60,8,
5,3,Bench Press,8,60,8,
5,3,Bench Press,9,60,8,
5,3,Bench Press,10,60,8,
5,3,BB Bent Over Row,11,,8,
5,3,BB Bent Over Row,12,,8,
5,3,BB Bent Over Row,13,,8,
5,3,BB Bent Over Row,14,,8,
5,3,BB Bent Over Row,15,,8,
5,3,BB Bent Over Row,16,,8,
5,3,BB Bent Over Row,17,,8,
5,3,BB Bent Over Row,18,,8,
5,3,BB Bent Over Row,19,,8,
5,3,BB Bent Over Row,20,,8,
5,3,DB Lateral Raise,21,,15,
5,3,DB Lateral Raise,22,,15,
5,3,DB Lateral Raise,23,,15,
5,3,DB Lateral Raise,24,,15,
5,3,DB Pullover,25,,8,
5,3,DB Pullover,26,,8,
5,3,DB Pullover,27,,8,
5,3,DB Pullover,28,,8,
5,3,EZ Bar Skullcrusher,29,,20,
5,3,EZ Bar Skullcrusher,30,,20,
5,3,EZ Bar Skullcrusher,31,,20,
5,3,EZ Bar Skullcrusher,32,,20,
5,3,EZ Bar Skullcrusher,33,,20,
6,1,Back Squat,1,70,3,
6,1,Back Squat,2,78,3,
6,1,Back Squat,3,83,3,
6,1,Back Squat,4,87,3,
6,1,Bench Press,5,65,4,
6,1,Bench Press,6,72,4,
6,1,Bench Press,7,80,4,
6,1,Bench Press,8,82,4,
6,1,Bench Press,9,82,4,
6,1,Bench Press,10,82,4,
6,1,BB Pendlay Row,11,,6,
6,1,BB Pendlay Row,12,,6,
6,1,BB Pendlay Row,13,,6,
6,1,BB Pendlay Row,14,,6,
6,2,Bench Press,1,72,5,
6,2,Bench Press,2,72,5,
6,2,Bench Press,3,72,5,
6,2,Bench Press,4,72,5,
6,2,Seated DB Arnold Press,5,,8,
6,2,Seated DB Arnold Press,6,,8,
6,2,Seated DB Arnold Press,7,,8,
6,2,Seated DB Arnold Press,8,,8,
6,2,Slow Strict Chin-Up,9,,3-6,
6,2,Slow Strict Chin-Up,10,,3-6,
6,2,Slow Strict Chin-Up,11,,3-6,
6,2,Slow Strict Chin-Up,12,,3-6,
6,2,Close Grip Bench Press,13,,6,
6,2,Close Grip Bench Press,14,,6,
6,2,Close Grip Bench Press,15,,6,
6,2,Close Grip Bench Press,16,,6,
6,2,Deadlift,17,65,4,
6,2,Deadlift,18,72,4,
6,2,Deadlift,19,80,4,
6,2,Deadlift,20,82,4,
6,2,Deadlift,21,82,4,
6,2,Deadlift,22,82,4,
6,3,Bench Press,1,52,10,
6,3,Bench Press,2,52,10,
6,3,Bench Press,3,52,10,
6,3,Bench Press,4,62,7,
6,3,Bench Press,5,62,7,
6,3,Bench Press,6,62,7,
6,3,Bench Press,7,72,5,
6,3,Bench Press,8,72,5,
6,3,Bench Press,9,72,5,
6,3,Bench Press,10,78,3,
6,3,Bench Press,11,78,3,
6,3,Bench Press,12,78,3,
6,3,Bench Press,13,85,2,
6,3,Bench Press,14,85,2,
6,3,Bench Press,15,85,2,
6,3,Reverse Grip Bent Over Row,16,,5,
6,3,Reverse Grip Bent Over Row,17,,5,
6,3,Reverse Grip Bent Over Row,18,,5,
6,3,Reverse Grip Bent Over Row,19,,5,
6,3,Reverse Grip Bent Over Row,20,,5,
6,3,Reverse Grip Bent Over Row,21,,5,
6,3,Reverse Grip Bent Over Row,22,,5,
6,3,Reverse Grip Bent Over Row,23,,5,
6,3,Reverse Grip Bent Over Row,24,,5,
6,3,Reverse Grip Bent Over Row,25,,5,
6,3,Reverse Grip Bent Over Row,26,,5,
6,3,Reverse Grip Bent Over Row,27,,5,
6,3,Reverse Grip Bent Over Row,28,,5,
6,3,Reverse Grip Bent Over Row,29,,5,
6,3,Reverse Grip Bent Over Row,30,,5,
6,3,DB Rear Lateral Raise,31,,15,
6,3,DB Rear Lateral Raise,32,,15,
6,3,DB Rear Lateral Raise,33,,15,
6,3,Standing Overhead Press,34,,5,
6,3,Standing Overhead Press,35,,5,
6,3,Standing Overhead Press,36,,5,
6,3,DB Tate Press,37,,20,
6,3,DB Tate Press,38,,20,
6,3,DB Tate Press,39,,20,
6,3,DB Tate Press,40,,20,
6,3,DB Tate Press,41,,20,
7,1,Back Squat,1,60,5,
7,1,Back Squat,2,65,5,
7,1,Back Squat,3,65,5,
7,1,Back Squat,4,65,5,
7,1,Bench Press,5,70,5,
7,1,Bench Press,6,75,5,
7,1,Bench Press,7,77,5,
7,1,Bench Press,8,80,5,
7,1,Bench Press,9,80,5,
7,1,Slow Strict Chin-Up,10,,3-6,
7,1,Slow Strict Chin-Up,11,,3-6,
7,1,Slow Strict Chin-Up,12,,3-6,
7,1,Slow Strict Chin-Up,13,,3-6,
7,2,Bench Press,1,72,6,
7,2,Bench Press,2,72,6,
7,2,Bench Press,3,72,6,
7,2,Bench Press,4,72,6,
7,2,Standing Overhead Press,5,,5,
7,2,Standing Overhead Press,6,,5,
7,2,Standing Overhead Press,7,,5,
7,2,Chest Supported DB Row,8,,10,
7,2,Chest Supported DB Row,9,,10,
7,2,Chest Supported DB Row,10,,10,
7,2,DB Tate Press,11,,10,
7,2,DB Tate Press,12,,10,
7,2,DB Tate Press,13,,10,
7,2,DB Tate Press,14,,10,
7,2,DB Tate Press,15,,10,
7,2,Deadlift,16,70,5,
7,2,Deadlift,17,75,5,
7,2,Deadlift,18,77,5,
7,2,Deadlift,19,80,5,
7,2,Deadlift,20,80,5,
7,3,Bench Press,1,60,10,
7,3,Bench Press,2,60,10,
7,3,Bench Press,3,60,10,
7,3,Bench Press,4,60,10,
7,3,Bench Press,5,60,10,
7,3,Bench Press,6,60,10,
7,3,Bench Press,7,60,10,
7,3,Bench Press,8,60,10,
7,3,Bench Press,9,60,10,
7,3,Bench Press,10,60,10,
7,3,BB Bent Over Row,11,,5,
7,3,BB Bent Over Row,12,,5,
7,3,BB Bent Over Row,13,,5,
7,3,BB Bent Over Row,14,,5,
7,3,BB Bent Over Row,15,,5,
7,3,BB Bent Over Row,16,,5,
7,3,BB Bent Over Row,17,,5,
7,3,BB Bent Over Row,18,,5,
7,3,BB Bent Over Row,19,,5,
7,3,BB Bent Over Row,20,,5,
7,3,DB Lateral Raise,21,,15,
7,3,DB Lateral Raise,22,,15,
7,3,DB Lateral Raise,23,,15,
7,3,DB Lateral Raise,24,,15,
7,3,DB Pullover,25,,8,
7,3,DB Pullover,26,,8,
7,3,DB Pullover,27,,8,
7,3,DB Pullover,28,,8,
7,3,EZ Bar Skullcrusher,29,,15,
7,3,EZ Bar Skullcrusher,30,,15,
7,3,EZ Bar Skullcrusher,31,,15,
7,3,EZ Bar Skullcrusher,32,,12,
7,3,EZ Bar Skullcrusher,33,,10,
8,1,Back Squat,1,70,4,
8,1,Back Squat,2,78,4,
8,1,Back Squat,3,83,4,
8,1,Back Squat,4,87,4,
8,1,Bench Press,5,65,4,
8,1,Bench Press,6,72,4,
8,1,Bench Press,7,80,4,
8,1,Bench Press,8,83,4,
8,1,Bench Press,9,83,4,
8,1,Bench Press,10,83,4,
8,1,BB Pendlay Row,11,,6,
8,1,BB Pendlay Row,12,,6,
8,1,BB Pendlay Row,13,,6,
8,1,BB Pendlay Row,14,,6,
8,2,Bench Press,1,75,5,
8,2,Bench Press,2,75,5,
8,2,Bench Press,3,75,5,
8,2,Bench Press,4,75,5,
8,2,Seated DB Arnold Press,5,,6,
8,2,Seated DB Arnold Press,6,,6,
8,2,Seated DB Arnold Press,7,,6,
8,2,Seated DB Arnold Press,8,,6,
8,2,Slow Strict Chin-Up,9,,3-6,
8,2,Slow Strict Chin-Up,10,,3-6,
8,2,Slow Strict Chin-Up,11,,3-6,
8,2,Slow Strict Chin-Up,12,,3-6,
8,2,Close Grip Bench Press,13,,5,
8,2,Close Grip Bench Press,14,,5,
8,2,Close Grip Bench Press,15,,5,
8,2,Close Grip Bench Press,16,,5,
8,2,Deadlift,17,65,4,
8,2,Deadlift,18,72,4,
8,2,Deadlift,19,80,4,
8,2,Deadlift,20,83,4,
8,2,Deadlift,21,83,4,
8,2,Deadlift,22,83,4,
8,3,Bench Press,1,53,10,
8,3,Bench Press,2,53,10,
8,3,Bench Press,3,53,10,
8,3,Bench Press,4,63,7,
8,3,Bench Press,5,63,7,
8,3,Bench Press,6,63,7,
8,3,Bench Press,7,73,5,
8,3,Bench Press,8,73,5,
8,3,Bench Press,9,73,5,
8,3,Bench Press,10,80,3,
8,3,Bench Press,11,80,3,
8,3,Bench Press,12,80,3,
8,3,Bench Press,13,85,2,
8,3,Bench Press,14,85,2,
8,3,Bench Press,15,85,2,
8,3,Bench Press,16,90,1,
8,3,Bench Press,17,90,1,
8,3,Bench Press,18,90,1,
8,3,Reverse Grip Bent Over Row,19,,5,
8,3,Reverse Grip Bent Over Row,20,,5,
8,3,Reverse Grip Bent Over Row,21,,5,
8,3,Reverse Grip Bent Over Row,22,,5,
8,3,Reverse Grip Bent Over Row,23,,5,
8,3,Reverse Grip Bent Over Row,24,,5,
8,3,Reverse Grip Bent Over Row,25,,5,
8,3,Reverse Grip Bent Over Row,26,,5,
8,3,Reverse Grip Bent Over Row,27,,5,
8,3,Reverse Grip Bent Over Row,28,,5,
8,3,Reverse Grip Bent Over Row,29,,5,
8,3,Reverse Grip Bent Over Row,30,,5,
8,3,Reverse Grip Bent Over Row,31,,5,
8,3,Reverse Grip Bent Over Row,32,,5,
8,3,Reverse Grip Bent Over Row,33,,5,
8,3,Reverse Grip Bent Over Row,34,,5,
8,3,Reverse Grip Bent Over Row,35,,5,
8,3,Reverse Grip Bent Over Row,36,,5,
8,3,DB Rear Lateral Raise,37,,15,
8,3,DB Rear Lateral Raise,38,,15,
8,3,DB Rear Lateral Raise,39,,15,
8,3,Standing Overhead Press,40,,5,
8,3,Standing Overhead Press,41,,5,
8,3,Standing Overhead Press,42,,5,
8,3,DB Tate Press,43,,25,
8,3,DB Tate Press,44,,25,
8,3,DB Tate Press,45,,25,
